Calificacion Matematicas/100,Calificacion Lectura Comprensiva/100,Calificaion Redaccion Textos/100,Genero,Raza,Tipo Desayuno,Nivel escolaridad
72,72,74,femenino,Mestizo,Estandar,Último año bachillerato
69,90,88,femenino,Mestizo,Estandar,Nivel Básico
90,95,93,femenino,Mestizo,Estandar,Primer año bachillerato
47,57,44,masculino,Indigena,Gratis/Reducido,Segundo año bachillerato
76,78,75,masculino,Mestizo,Estandar,Nivel Básico
71,83,78,femenino,Mestizo,Estandar,Segundo año bachillerato
88,95,92,femenino,Mestizo,Estandar,Nivel Básico
40,43,39,masculino,Mestizo,Gratis/Reducido,Nivel Básico
64,64,67,masculino,Mestizo,Gratis/Reducido,Último año bachillerato
38,60,50,femenino,Mestizo,Gratis/Reducido,Último año bachillerato
58,54,52,masculino,Mestizo,Estandar,Segundo año bachillerato
40,52,43,masculino,Mestizo,Estandar,Segundo año bachillerato
65,81,73,femenino,Mestizo,Estandar,Último año bachillerato
78,72,70,masculino,Indigena,Estandar,Nivel Básico
50,53,58,femenino,Indigena,Estandar,Primer año bachillerato
69,75,78,femenino,Mestizo,Estandar,Primer año bachillerato
88,89,86,masculino,Mestizo,Estandar,Último año bachillerato
18,32,28,femenino,Mestizo,Gratis/Reducido,Primer año bachillerato
46,42,46,masculino,Mestizo,Gratis/Reducido,Primer año bachillerato
54,58,61,femenino,Mestizo,Gratis/Reducido,Segundo año bachillerato
66,69,63,masculino,Mestizo,Estandar,Último año bachillerato
65,75,70,femenino,Mestizo,Gratis/Reducido,Nivel Básico
44,54,53,masculino,Mestizo,Estandar,Nivel Básico
69,73,73,femenino,Mestizo,Estandar,Primer año bachillerato
74,71,80,masculino,Mestizo,Gratis/Reducido,Último año bachillerato
73,74,72,masculino,Indigena,Gratis/Reducido,Primer año bachillerato
69,54,55,masculino,Mestizo,Estandar,Nivel Básico
67,69,75,femenino,Mestizo,Estandar,Último año bachillerato
70,70,65,masculino,Mestizo,Estandar,Último año bachillerato
62,70,75,femenino,Mestizo,Estandar,Primer año bachillerato
69,74,74,femenino,Mestizo,Estandar,Nivel Básico
63,65,61,femenino,Mestizo,Estandar,Nivel Básico
56,72,65,femenino,Mestizo,Gratis/Reducido,Primer año bachillerato
40,42,38,masculino,Mestizo,Estandar,Nivel Básico
97,87,82,masculino,Mestizo,Estandar,Nivel Básico
81,81,79,masculino,Mestizo,Estandar,Segundo año bachillerato
74,81,83,femenino,Mestizo,Estandar,Segundo año bachillerato
50,64,59,femenino,Mestizo,Gratis/Reducido,Primer año bachillerato
75,90,88,femenino,Mestizo,Gratis/Reducido,Segundo año bachillerato
57,56,57,masculino,Mestizo,Gratis/Reducido,Segundo año bachillerato
55,61,54,masculino,Mestizo,Gratis/Reducido,Segundo año bachillerato
58,73,68,femenino,Mestizo,Estandar,Segundo año bachillerato
53,58,65,femenino,Mestizo,Estandar,Segundo año bachillerato
59,65,66,masculino,Mestizo,Gratis/Reducido,Nivel Básico
50,56,54,femenino,Mestizo,Gratis/Reducido,Segundo año bachillerato
65,54,57,masculino,Mestizo,Estandar,Segundo año bachillerato
55,65,62,femenino,Indigena,Estandar,Segundo año bachillerato
66,71,76,femenino,Mestizo,Estandar,Último año bachillerato
57,74,76,femenino,Mestizo,Gratis/Reducido,Segundo año bachillerato
82,84,82,masculino,Mestizo,Estandar,Último año bachillerato
53,55,48,masculino,Mestizo,Estandar,Nivel Básico
77,69,68,masculino,Mestizo,Gratis/Reducido,Segundo año bachillerato
53,44,42,masculino,Mestizo,Estandar,Nivel Básico
88,78,75,masculino,Mestizo,Estandar,Último año bachillerato
71,84,87,femenino,Mestizo,Gratis/Reducido,Primer año bachillerato
33,41,43,femenino,Mestizo,Gratis/Reducido,Último año bachillerato
82,85,86,femenino,Mestizo,Estandar,Segundo año bachillerato
52,55,49,masculino,Mestizo,Estandar,Segundo año bachillerato
58,59,58,masculino,Mestizo,Estandar,Nivel Básico
0,17,10,femenino,Mestizo,Gratis/Reducido,Primer año bachillerato
79,74,72,masculino,Mestizo,Gratis/Reducido,Último año bachillerato
39,39,34,masculino,Indigena,Gratis/Reducido,Primer año bachillerato
62,61,55,masculino,Indigena,Gratis/Reducido,Segundo año bachillerato
69,80,71,femenino,Mestizo,Estandar,Segundo año bachillerato
59,58,59,femenino,Mestizo,Estandar,Primer año bachillerato
67,64,61,masculino,Mestizo,Estandar,Primer año bachillerato
45,37,37,masculino,Mestizo,Gratis/Reducido,Primer año bachillerato
60,72,74,femenino,Mestizo,Estandar,Nivel Básico
61,58,56,masculino,Mestizo,Gratis/Reducido,Segundo año bachillerato
39,64,57,femenino,Mestizo,Estandar,Segundo año bachillerato
58,63,73,femenino,Mestizo,Gratis/Reducido,Nivel Básico
63,55,63,masculino,Mestizo,Estandar,Nivel Básico
41,51,48,femenino,Indigena,Gratis/Reducido,Segundo año bachillerato
61,57,56,masculino,Mestizo,Gratis/Reducido,Primer año bachillerato
49,49,41,masculino,Mestizo,Estandar,Primer año bachillerato
44,41,38,masculino,Mestizo,Gratis/Reducido,Segundo año bachillerato
30,26,22,masculino,Mestizo,Estandar,Primer año bachillerato
80,78,81,masculino,Indigena,Estandar,Último año bachillerato
61,74,72,femenino,Mestizo,Estandar,Primer año bachillerato
62,68,68,femenino,Mestizo,Estandar,Primer año bachillerato
47,49,50,femenino,Mestizo,Estandar,Segundo año bachillerato
49,45,45,masculino,Mestizo,Gratis/Reducido,Último año bachillerato
50,47,54,masculino,Indigena,Gratis/Reducido,Nivel Básico
72,64,63,masculino,Mestizo,Estandar,Segundo año bachillerato
42,39,34,masculino,Mestizo,Gratis/Reducido,Último año bachillerato
73,80,82,femenino,Mestizo,Estandar,Nivel Básico
76,83,88,femenino,Mestizo,Gratis/Reducido,Nivel Básico
71,71,74,femenino,Mestizo,Estandar,Segundo año bachillerato
58,70,67,femenino,Indigena,Estandar,Nivel Básico
73,86,82,femenino,Mestizo,Estandar,Primer año bachillerato
65,72,74,femenino,Mestizo,Estandar,Último año bachillerato
27,34,36,masculino,Mestizo,Gratis/Reducido,Último año bachillerato
71,79,71,masculino,Mestizo,Estandar,Último año bachillerato
43,45,50,masculino,Mestizo,Gratis/Reducido,Segundo año bachillerato
79,86,92,femenino,Mestizo,Estandar,Nivel Básico
78,81,82,masculino,Mestizo,Gratis/Reducido,Segundo año bachillerato
65,66,62,masculino,Mestizo,Estandar,Primer año bachillerato
63,72,70,femenino,Mestizo,Estandar,Nivel Básico
58,67,62,femenino,Mestizo,Gratis/Reducido,Nivel Básico
65,67,62,femenino,Mestizo,Estandar,Último año bachillerato
79,67,67,masculino,Mestizo,Estandar,Nivel Básico
68,74,74,masculino,Mestizo,Estandar,Último año bachillerato
85,91,89,femenino,Mestizo,Estandar,Segundo año bachillerato
60,44,47,masculino,Mestizo,Estandar,Último año bachillerato
98,86,90,masculino,Mestizo,Estandar,Nivel Básico
58,67,72,femenino,Mestizo,Estandar,Nivel Básico
87,100,100,femenino,Mestizo,Estandar,Primer año bachillerato
66,63,64,masculino,Mestizo,Estandar,Segundo año bachillerato
52,76,70,femenino,Mestizo,Gratis/Reducido,Segundo año bachillerato
70,64,72,femenino,Mestizo,Estandar,Primer año bachillerato
77,89,98,femenino,Mestizo,Gratis/Reducido,Segundo año bachillerato
62,55,49,masculino,Mestizo,Estandar,Último año bachillerato
54,53,47,masculino,Indigena,Estandar,Segundo año bachillerato
51,58,54,femenino,Mestizo,Estandar,Nivel Básico
99,100,100,femenino,Mestizo,Estandar,Último año bachillerato
84,77,74,masculino,Mestizo,Estandar,Último año bachillerato
75,85,82,femenino,Mestizo,Gratis/Reducido,Último año bachillerato
78,82,79,femenino,Mestizo,Estandar,Último año bachillerato
51,63,61,femenino,Mestizo,Estandar,Primer año bachillerato
55,69,65,femenino,Mestizo,Estandar,Nivel Básico
79,92,89,femenino,Mestizo,Estandar,Último año bachillerato
91,89,92,masculino,Mestizo,Estandar,Segundo año bachillerato
88,93,93,femenino,Mestizo,Estandar,Nivel Básico
63,57,56,masculino,Mestizo,Gratis/Reducido,Último año bachillerato
83,80,73,masculino,Mestizo,Estandar,Nivel Básico
87,95,86,femenino,Mestizo,Estandar,Último año bachillerato
72,68,67,masculino,Mestizo,Estandar,Primer año bachillerato
65,77,74,masculino,Mestizo,Estandar,Nivel Básico
82,82,74,masculino,Mestizo,Estandar,Primer año bachillerato
51,49,51,femenino,Indigena,Estandar,Último año bachillerato
89,84,82,masculino,Mestizo,Estandar,Primer año bachillerato
53,37,40,masculino,Mestizo,Gratis/Reducido,Primer año bachillerato
87,74,70,masculino,Mestizo,Gratis/Reducido,Nivel Básico
75,81,84,femenino,Mestizo,Estandar,Nivel Básico
74,79,75,masculino,Mestizo,Gratis/Reducido,Último año bachillerato
58,55,48,masculino,Mestizo,Estandar,Último año bachillerato
51,54,41,masculino,Mestizo,Estandar,Primer año bachillerato
70,55,56,masculino,Mestizo,Estandar,Último año bachillerato
59,66,67,femenino,Mestizo,Estandar,Segundo año bachillerato
71,61,69,masculino,Mestizo,Estandar,Nivel Básico
76,72,71,femenino,Mestizo,Estandar,Primer año bachillerato
59,62,64,femenino,Mestizo,Gratis/Reducido,Nivel Básico
42,55,54,femenino,Mestizo,Gratis/Reducido,Nivel Básico
57,43,47,masculino,Indigena,Estandar,Último año bachillerato
88,73,78,masculino,Mestizo,Estandar,Nivel Básico
22,39,33,femenino,Mestizo,Gratis/Reducido,Nivel Básico
88,84,75,masculino,Mestizo,Estandar,Primer año bachillerato
73,68,66,masculino,Mestizo,Gratis/Reducido,Segundo año bachillerato
68,75,81,femenino,Mestizo,Estandar,Último año bachillerato
100,100,93,masculino,Mestizo,Gratis/Reducido,Segundo año bachillerato
62,67,69,masculino,Indigena,Estandar,Primer año bachillerato
77,67,68,masculino,Indigena,Estandar,Último año bachillerato
59,70,66,femenino,Mestizo,Estandar,Segundo año bachillerato
54,49,47,masculino,Mestizo,Estandar,Último año bachillerato
62,67,61,masculino,Mestizo,Estandar,Primer año bachillerato
70,89,88,femenino,Mestizo,Estandar,Nivel Básico
66,74,78,femenino,Mestizo,Gratis/Reducido,Último año bachillerato
60,60,60,masculino,Mestizo,Gratis/Reducido,Nivel Básico
61,86,87,femenino,Mestizo,Estandar,Segundo año bachillerato
66,62,64,masculino,Mestizo,Gratis/Reducido,Segundo año bachillerato
82,78,74,masculino,Mestizo,Gratis/Reducido,Segundo año bachillerato
75,88,85,femenino,Mestizo,Gratis/Reducido,Nivel Básico
49,53,52,masculino,Mestizo,Gratis/Reducido,Primer año bachillerato
52,53,49,masculino,Mestizo,Estandar,Último año bachillerato
81,92,91,femenino,Mestizo,Estandar,Primer año bachillerato
96,100,100,femenino,Mestizo,Estandar,Último año bachillerato
53,51,51,masculino,Mestizo,Gratis/Reducido,Último año bachillerato
58,76,78,femenino,Mestizo,Gratis/Reducido,Primer año bachillerato
68,83,78,femenino,Mestizo,Estandar,Último año bachillerato
67,75,70,femenino,Mestizo,Gratis/Reducido,Nivel Básico
72,73,74,masculino,Indigena,Estandar,Último año bachillerato
94,88,78,masculino,Mestizo,Estandar,Primer año bachillerato
79,86,81,femenino,Mestizo,Estandar,Nivel Básico
63,67,70,femenino,Mestizo,Estandar,Segundo año bachillerato
43,51,54,femenino,Mestizo,Gratis/Reducido,Último año bachillerato
81,91,87,femenino,Mestizo,Estandar,Primer año bachillerato
46,54,58,femenino,Mestizo,Gratis/Reducido,Último año bachillerato
71,77,77,femenino,Mestizo,Estandar,Segundo año bachillerato
52,70,62,femenino,Mestizo,Gratis/Reducido,Primer año bachillerato
97,100,100,femenino,Mestizo,Estandar,Primer año bachillerato
62,68,75,masculino,Mestizo,Gratis/Reducido,Primer año bachillerato
46,64,66,femenino,Mestizo,Gratis/Reducido,Nivel Básico
50,50,47,femenino,Mestizo,Estandar,Último año bachillerato
65,69,70,femenino,Mestizo,Estandar,Segundo año bachillerato
45,52,49,masculino,Mestizo,Gratis/Reducido,Primer año bachillerato
65,67,65,masculino,Mestizo,Gratis/Reducido,Segundo año bachillerato
80,76,65,masculino,Mestizo,Estandar,Último año bachillerato
62,66,68,masculino,Mestizo,Estandar,Primer año bachillerato
48,52,45,masculino,Mestizo,Gratis/Reducido,Primer año bachillerato
77,88,87,femenino,Mestizo,Estandar,Último año bachillerato
66,65,69,femenino,Mestizo,Estandar,Segundo año bachillerato
76,83,79,masculino,Mestizo,Estandar,Nivel Básico
62,64,66,femenino,Mestizo,Estandar,Primer año bachillerato
77,62,62,masculino,Mestizo,Estandar,Nivel Básico
69,84,85,femenino,Mestizo,Estandar,Primer año bachillerato
61,55,52,masculino,Mestizo,Estandar,Segundo año bachillerato
59,69,65,masculino,Mestizo,Gratis/Reducido,Primer año bachillerato
55,56,51,masculino,Mestizo,Gratis/Reducido,Último año bachillerato
45,53,55,femenino,Mestizo,Gratis/Reducido,Nivel Básico
78,79,76,femenino,Mestizo,Gratis/Reducido,Último año bachillerato
67,84,86,femenino,Mestizo,Estandar,Segundo año bachillerato
65,81,77,femenino,Mestizo,Gratis/Reducido,Nivel Básico
69,77,69,masculino,Mestizo,Estandar,Segundo año bachillerato
57,69,68,femenino,Mestizo,Estandar,Segundo año bachillerato
59,41,42,masculino,Mestizo,Estandar,Nivel Básico
74,71,78,masculino,Mestizo,Estandar,Primer año bachillerato
82,62,62,masculino,Mestizo,Estandar,Último año bachillerato
81,80,76,masculino,Mestizo,Estandar,Último año bachillerato
74,81,76,femenino,Mestizo,Gratis/Reducido,Nivel Básico
58,61,66,femenino,Mestizo,Gratis/Reducido,Nivel Básico
80,79,79,masculino,Mestizo,Gratis/Reducido,Primer año bachillerato
35,28,27,masculino,Mestizo,Gratis/Reducido,Nivel Básico
42,62,60,femenino,Mestizo,Gratis/Reducido,Último año bachillerato
60,51,56,masculino,Mestizo,Gratis/Reducido,Segundo año bachillerato
87,91,81,masculino,Mestizo,Estandar,Último año bachillerato
84,83,75,masculino,Mestizo,Estandar,Primer año bachillerato
83,86,88,femenino,Mestizo,Gratis/Reducido,Segundo año bachillerato
34,42,39,femenino,Mestizo,Gratis/Reducido,Último año bachillerato
66,77,70,masculino,Mestizo,Gratis/Reducido,Último año bachillerato
61,56,56,masculino,Mestizo,Estandar,Primer año bachillerato
56,68,74,femenino,Mestizo,Estandar,Último año bachillerato
87,85,73,masculino,Mestizo,Estandar,Segundo año bachillerato
55,65,62,femenino,Mestizo,Gratis/Reducido,Primer año bachillerato
86,80,75,masculino,Mestizo,Estandar,Primer año bachillerato
52,66,73,femenino,Mestizo,Estandar,Segundo año bachillerato
45,56,54,femenino,Mestizo,Gratis/Reducido,Primer año bachillerato
72,72,71,femenino,Mestizo,Estandar,Nivel Básico
57,50,54,masculino,Mestizo,Estandar,Último año bachillerato
68,72,64,masculino,Indigena,Gratis/Reducido,Primer año bachillerato
88,95,94,femenino,Mestizo,Estandar,Nivel Básico
76,64,66,masculino,Mestizo,Estandar,Nivel Básico
46,43,42,masculino,Mestizo,Estandar,Segundo año bachillerato
67,86,83,femenino,Mestizo,Estandar,Último año bachillerato
92,87,78,masculino,Mestizo,Estandar,Primer año bachillerato
83,82,84,masculino,Mestizo,Estandar,Último año bachillerato
80,75,77,masculino,Mestizo,Estandar,Segundo año bachillerato
63,66,67,masculino,Mestizo,Gratis/Reducido,Último año bachillerato
64,60,74,femenino,Mestizo,Estandar,Primer año bachillerato
54,52,51,masculino,Mestizo,Estandar,Nivel Básico
84,80,80,masculino,Mestizo,Estandar,Segundo año bachillerato
73,68,66,masculino,Mestizo,Gratis/Reducido,Último año bachillerato
80,83,83,femenino,Mestizo,Estandar,Último año bachillerato
56,52,55,femenino,Mestizo,Estandar,Último año bachillerato
59,51,43,masculino,Mestizo,Estandar,Nivel Básico
75,74,69,masculino,Mestizo,Estandar,Primer año bachillerato
85,76,71,masculino,Mestizo,Estandar,Segundo año bachillerato
89,76,74,masculino,Mestizo,Estandar,Segundo año bachillerato
58,70,68,femenino,Mestizo,Estandar,Último año bachillerato
65,64,62,femenino,Mestizo,Estandar,Último año bachillerato
68,60,53,masculino,Mestizo,Estandar,Último año bachillerato
47,49,49,masculino,Indigena,Estandar,Primer año bachillerato
71,83,83,femenino,Mestizo,Gratis/Reducido,Nivel Básico
60,70,70,femenino,Mestizo,Estandar,Primer año bachillerato
80,80,72,masculino,Mestizo,Estandar,Primer año bachillerato
54,52,52,masculino,Mestizo,Estandar,Último año bachillerato
62,73,70,femenino,Mestizo,Estandar,Nivel Básico
64,73,68,femenino,Mestizo,Gratis/Reducido,Segundo año bachillerato
78,77,77,masculino,Mestizo,Estandar,Segundo año bachillerato
70,75,78,femenino,Mestizo,Estandar,Nivel Básico
65,81,81,femenino,Mestizo,Gratis/Reducido,Primer año bachillerato
64,79,77,femenino,Mestizo,Gratis/Reducido,Primer año bachillerato
79,79,78,masculino,Mestizo,Estandar,Nivel Básico
44,50,51,femenino,Mestizo,Gratis/Reducido,Primer año bachillerato
99,93,90,femenino,Mestizo,Estandar,Último año bachillerato
76,73,68,masculino,Mestizo,Estandar,Último año bachillerato
59,42,41,masculino,Mestizo,Gratis/Reducido,Primer año bachillerato
63,75,81,femenino,Mestizo,Estandar,Último año bachillerato
69,72,77,femenino,Mestizo,Estandar,Último año bachillerato
88,92,95,femenino,Mestizo,Estandar,Segundo año bachillerato
71,76,70,femenino,Mestizo,Gratis/Reducido,Nivel Básico
69,63,61,masculino,Mestizo,Estandar,Último año bachillerato
58,49,42,masculino,Mestizo,Estandar,Nivel Básico
47,53,58,femenino,Mestizo,Gratis/Reducido,Segundo año bachillerato
65,70,71,femenino,Mestizo,Estandar,Nivel Básico
88,85,76,masculino,Mestizo,Estandar,Nivel Básico
83,78,73,masculino,Mestizo,Estandar,Último año bachillerato
85,92,93,femenino,Mestizo,Estandar,Primer año bachillerato
59,63,75,femenino,Mestizo,Estandar,Último año bachillerato
65,86,80,femenino,Mestizo,Gratis/Reducido,Primer año bachillerato
73,56,57,masculino,Mestizo,Gratis/Reducido,Último año bachillerato
53,52,42,masculino,Mestizo,Estandar,Último año bachillerato
45,48,46,masculino,Mestizo,Estandar,Último año bachillerato
73,79,84,femenino,Mestizo,Gratis/Reducido,Último año bachillerato
70,78,78,femenino,Mestizo,Gratis/Reducido,Nivel Básico
37,46,46,femenino,Mestizo,Estandar,Primer año bachillerato
81,82,82,masculino,Mestizo,Estandar,Segundo año bachillerato
97,82,88,masculino,Mestizo,Estandar,Segundo año bachillerato
67,89,82,femenino,Mestizo,Estandar,Primer año bachillerato
88,75,76,masculino,Mestizo,Gratis/Reducido,Último año bachillerato
77,76,77,masculino,Mestizo,Estandar,Primer año bachillerato
76,70,68,masculino,Mestizo,Estandar,Segundo año bachillerato
86,73,70,masculino,Mestizo,Estandar,Primer año bachillerato
63,60,57,masculino,Mestizo,Estandar,Primer año bachillerato
65,73,75,femenino,Mestizo,Estandar,Último año bachillerato
78,77,80,masculino,Mestizo,Gratis/Reducido,Último año bachillerato
67,62,60,masculino,Mestizo,Gratis/Reducido,Segundo año bachillerato
46,41,43,masculino,Indigena,Estandar,Primer año bachillerato
71,74,68,masculino,Mestizo,Estandar,Segundo año bachillerato
40,46,50,masculino,Mestizo,Gratis/Reducido,Último año bachillerato
90,87,75,masculino,Mestizo,Gratis/Reducido,Segundo año bachillerato
81,78,81,masculino,Indigena,Gratis/Reducido,Nivel Básico
56,54,52,masculino,Mestizo,Gratis/Reducido,Primer año bachillerato
67,84,81,femenino,Mestizo,Estandar,Segundo año bachillerato
80,76,64,masculino,Mestizo,Estandar,Segundo año bachillerato
74,75,83,femenino,Mestizo,Estandar,Segundo año bachillerato
69,67,69,masculino,Indigena,Estandar,Nivel Básico
99,87,81,masculino,Mestizo,Estandar,Nivel Básico
51,52,44,masculino,Mestizo,Estandar,Primer año bachillerato
53,71,67,femenino,Mestizo,Gratis/Reducido,Segundo año bachillerato
49,57,52,femenino,Mestizo,Gratis/Reducido,Último año bachillerato
73,76,80,femenino,Mestizo,Estandar,Segundo año bachillerato
66,60,57,masculino,Mestizo,Estandar,Último año bachillerato
67,61,68,masculino,Mestizo,Estandar,Último año bachillerato
68,67,69,femenino,Mestizo,Gratis/Reducido,Segundo año bachillerato
59,64,75,femenino,Mestizo,Estandar,Último año bachillerato
71,66,65,masculino,Mestizo,Estandar,Último año bachillerato
77,82,91,femenino,Mestizo,Estandar,Primer año bachillerato
83,72,78,masculino,Mestizo,Estandar,Segundo año bachillerato
63,71,69,masculino,Mestizo,Estandar,Último año bachillerato
56,65,63,femenino,Mestizo,Gratis/Reducido,Segundo año bachillerato
67,79,84,femenino,Mestizo,Gratis/Reducido,Último año bachillerato
75,86,79,femenino,Mestizo,Estandar,Último año bachillerato
71,81,80,femenino,Mestizo,Estandar,Nivel Básico
43,53,53,femenino,Mestizo,Gratis/Reducido,Primer año bachillerato
41,46,43,femenino,Mestizo,Gratis/Reducido,Último año bachillerato
82,90,94,femenino,Mestizo,Estandar,Nivel Básico
61,61,62,masculino,Mestizo,Estandar,Nivel Básico
28,23,19,masculino,Indigena,Gratis/Reducido,Nivel Básico
82,75,77,masculino,Mestizo,Estandar,Segundo año bachillerato
41,55,51,femenino,Mestizo,Estandar,Primer año bachillerato
71,60,61,masculino,Mestizo,Estandar,Último año bachillerato
47,37,35,masculino,Mestizo,Estandar,Segundo año bachillerato
62,56,53,masculino,Mestizo,Estandar,Segundo año bachillerato
90,78,81,masculino,Mestizo,Estandar,Segundo año bachillerato
83,93,95,femenino,Mestizo,Estandar,Último año bachillerato
61,68,66,femenino,Mestizo,Gratis/Reducido,Nivel Básico
76,70,69,masculino,Mestizo,Estandar,Primer año bachillerato
49,51,43,masculino,Mestizo,Estandar,Segundo año bachillerato
24,38,27,femenino,Mestizo,Gratis/Reducido,Primer año bachillerato
35,55,60,femenino,Mestizo,Gratis/Reducido,Primer año bachillerato
58,61,52,masculino,Mestizo,Gratis/Reducido,Último año bachillerato
61,73,63,femenino,Mestizo,Estandar,Último año bachillerato
69,76,74,femenino,Mestizo,Estandar,Último año bachillerato
67,72,67,masculino,Mestizo,Estandar,Segundo año bachillerato
79,73,67,masculino,Mestizo,Estandar,Nivel Básico
72,80,75,femenino,Mestizo,Estandar,Último año bachillerato
62,61,57,masculino,Mestizo,Estandar,Nivel Básico
77,94,95,femenino,Mestizo,Estandar,Último año bachillerato
75,74,66,masculino,Mestizo,Gratis/Reducido,Último año bachillerato
87,74,76,masculino,Mestizo,Estandar,Segundo año bachillerato
52,65,69,femenino,Mestizo,Estandar,Último año bachillerato
66,57,52,masculino,Mestizo,Estandar,Nivel Básico
63,78,80,femenino,Mestizo,Estandar,Nivel Básico
46,58,57,femenino,Mestizo,Estandar,Segundo año bachillerato
59,71,70,femenino,Mestizo,Estandar,Nivel Básico
61,72,70,femenino,Mestizo,Estandar,Último año bachillerato
63,61,61,masculino,Indigena,Estandar,Segundo año bachillerato
42,66,69,femenino,Mestizo,Gratis/Reducido,Nivel Básico
59,62,61,masculino,Mestizo,Gratis/Reducido,Nivel Básico
80,90,89,femenino,Mestizo,Estandar,Nivel Básico
58,62,59,femenino,Mestizo,Estandar,Último año bachillerato
85,84,78,masculino,Mestizo,Estandar,Primer año bachillerato
52,58,58,femenino,Mestizo,Estandar,Nivel Básico
27,34,32,femenino,Mestizo,Gratis/Reducido,Primer año bachillerato
59,60,58,masculino,Mestizo,Estandar,Nivel Básico
49,58,60,masculino,Indigena,Gratis/Reducido,Último año bachillerato
69,58,53,masculino,Mestizo,Estandar,Último año bachillerato
61,66,61,masculino,Mestizo,Gratis/Reducido,Último año bachillerato
44,64,58,femenino,Indigena,Gratis/Reducido,Primer año bachillerato
73,84,85,femenino,Mestizo,Estandar,Primer año bachillerato
84,77,71,masculino,Mestizo,Estandar,Nivel Básico
45,73,70,femenino,Mestizo,Gratis/Reducido,Nivel Básico
74,74,72,masculino,Mestizo,Estandar,Primer año bachillerato
82,97,96,femenino,Mestizo,Estandar,Nivel Básico
59,70,73,femenino,Mestizo,Estandar,Último año bachillerato
46,43,41,masculino,Mestizo,Gratis/Reducido,Segundo año bachillerato
80,90,82,femenino,Mestizo,Estandar,Primer año bachillerato
85,95,100,femenino,Mestizo,Gratis/Reducido,Primer año bachillerato
71,83,77,femenino,Indigena,Estandar,Primer año bachillerato
66,64,62,masculino,Indigena,Estandar,Último año bachillerato
80,86,83,femenino,Mestizo,Estandar,Segundo año bachillerato
87,100,95,masculino,Mestizo,Estandar,Segundo año bachillerato
79,81,71,masculino,Mestizo,Gratis/Reducido,Primer año bachillerato
38,49,45,femenino,Mestizo,Gratis/Reducido,Primer año bachillerato
38,43,43,femenino,Indigena,Gratis/Reducido,Primer año bachillerato
67,76,75,femenino,Mestizo,Estandar,Nivel Básico
64,73,70,femenino,Mestizo,Estandar,Último año bachillerato
57,78,67,femenino,Mestizo,Gratis/Reducido,Segundo año bachillerato
62,64,64,femenino,Mestizo,Estandar,Último año bachillerato
73,70,75,masculino,Mestizo,Estandar,Primer año bachillerato
73,67,59,masculino,Mestizo,Gratis/Reducido,Primer año bachillerato
77,68,77,femenino,Mestizo,Estandar,Nivel Básico
76,67,67,masculino,Mestizo,Estandar,Nivel Básico
57,54,56,masculino,Mestizo,Estandar,Segundo año bachillerato
65,74,77,femenino,Mestizo,Estandar,Primer año bachillerato
48,45,41,masculino,Indigena,Gratis/Reducido,Último año bachillerato
50,67,63,femenino,Mestizo,Gratis/Reducido,Último año bachillerato
85,89,95,femenino,Mestizo,Estandar,Segundo año bachillerato
74,63,57,masculino,Mestizo,Estandar,Primer año bachillerato
60,59,54,masculino,Mestizo,Estandar,Primer año bachillerato
59,54,67,femenino,Mestizo,Estandar,Primer año bachillerato
53,43,43,masculino,Indigena,Estandar,Nivel Básico
49,65,55,femenino,Indigena,Gratis/Reducido,Nivel Básico
88,99,100,femenino,Mestizo,Estandar,Último año bachillerato
54,59,62,femenino,Mestizo,Estandar,Último año bachillerato
63,73,68,femenino,Mestizo,Estandar,Primer año bachillerato
65,65,63,masculino,Mestizo,Estandar,Segundo año bachillerato
82,80,77,femenino,Mestizo,Estandar,Segundo año bachillerato
52,57,56,femenino,Mestizo,Gratis/Reducido,Último año bachillerato
87,84,85,masculino,Mestizo,Estandar,Segundo año bachillerato
70,71,74,femenino,Mestizo,Estandar,Primer año bachillerato
84,83,78,masculino,Mestizo,Estandar,Nivel Básico
71,66,60,masculino,Mestizo,Estandar,Segundo año bachillerato
63,67,67,masculino,Mestizo,Estandar,Primer año bachillerato
51,72,79,femenino,Mestizo,Gratis/Reducido,Último año bachillerato
84,73,69,masculino,Mestizo,Estandar,Último año bachillerato
71,74,68,masculino,Mestizo,Estandar,Último año bachillerato
74,73,67,masculino,Mestizo,Estandar,Segundo año bachillerato
68,59,62,masculino,Mestizo,Estandar,Nivel Básico
57,56,54,masculino,Mestizo,Gratis/Reducido,Último año bachillerato
82,93,93,femenino,Mestizo,Gratis/Reducido,Segundo año bachillerato
57,58,64,femenino,Mestizo,Estandar,Último año bachillerato
47,58,67,femenino,Mestizo,Gratis/Reducido,Primer año bachillerato
59,85,80,femenino,Indigena,Estandar,Primer año bachillerato
41,39,34,masculino,Mestizo,Gratis/Reducido,Nivel Básico
62,67,62,femenino,Mestizo,Gratis/Reducido,Nivel Básico
86,83,86,masculino,Mestizo,Estandar,Último año bachillerato
69,71,65,masculino,Mestizo,Gratis/Reducido,Primer año bachillerato
65,59,53,masculino,Indigena,Gratis/Reducido,Primer año bachillerato
68,63,54,masculino,Mestizo,Gratis/Reducido,Primer año bachillerato
64,66,59,masculino,Mestizo,Gratis/Reducido,Segundo año bachillerato
61,72,70,femenino,Mestizo,Estandar,Último año bachillerato
61,56,55,masculino,Mestizo,Estandar,Último año bachillerato
47,59,50,femenino,Indigena,Gratis/Reducido,Primer año bachillerato
73,66,66,masculino,Mestizo,Estandar,Primer año bachillerato
50,48,53,masculino,Mestizo,Gratis/Reducido,Nivel Básico
75,68,64,masculino,Mestizo,Estandar,Segundo año bachillerato
75,66,73,masculino,Mestizo,Gratis/Reducido,Segundo año bachillerato
70,56,51,masculino,Mestizo,Estandar,Último año bachillerato
89,88,82,masculino,Mestizo,Estandar,Primer año bachillerato
67,81,79,femenino,Mestizo,Estandar,Nivel Básico
78,81,80,femenino,Mestizo,Estandar,Último año bachillerato
59,73,69,femenino,Indigena,Gratis/Reducido,Primer año bachillerato
73,83,76,femenino,Mestizo,Estandar,Segundo año bachillerato
79,82,73,masculino,Indigena,Gratis/Reducido,Primer año bachillerato
67,74,77,femenino,Mestizo,Estandar,Primer año bachillerato
69,66,60,masculino,Mestizo,Gratis/Reducido,Nivel Básico
86,81,80,masculino,Mestizo,Estandar,Último año bachillerato
47,46,42,masculino,Mestizo,Estandar,Último año bachillerato
81,73,72,masculino,Mestizo,Estandar,Segundo año bachillerato
64,85,85,femenino,Mestizo,Gratis/Reducido,Nivel Básico
100,92,97,femenino,Mestizo,Estandar,Nivel Básico
65,77,74,femenino,Mestizo,Gratis/Reducido,Segundo año bachillerato
65,58,49,masculino,Mestizo,Gratis/Reducido,Nivel Básico
53,61,62,femenino,Mestizo,Gratis/Reducido,Segundo año bachillerato
37,56,47,masculino,Mestizo,Gratis/Reducido,Último año bachillerato
79,89,89,femenino,Mestizo,Estandar,Último año bachillerato
53,54,48,masculino,Mestizo,Gratis/Reducido,Segundo año bachillerato
100,100,100,femenino,Mestizo,Estandar,Último año bachillerato
72,65,68,masculino,Mestizo,Estandar,Último año bachillerato
53,58,55,masculino,Mestizo,Gratis/Reducido,Último año bachillerato
54,54,45,masculino,Mestizo,Gratis/Reducido,Nivel Básico
71,70,76,femenino,Mestizo,Estandar,Nivel Básico
77,90,91,femenino,Mestizo,Gratis/Reducido,Nivel Básico
75,58,62,masculino,Indigena,Estandar,Último año bachillerato
84,87,91,femenino,Mestizo,Estandar,Nivel Básico
26,31,38,femenino,Mestizo,Gratis/Reducido,Segundo año bachillerato
72,67,65,masculino,Indigena,Gratis/Reducido,Último año bachillerato
77,88,85,femenino,Indigena,Gratis/Reducido,Último año bachillerato
91,74,76,masculino,Mestizo,Estandar,Nivel Básico
83,85,90,femenino,Mestizo,Estandar,Segundo año bachillerato
63,69,74,femenino,Mestizo,Estandar,Último año bachillerato
68,86,84,femenino,Mestizo,Estandar,Segundo año bachillerato
59,67,61,femenino,Mestizo,Estandar,Primer año bachillerato
90,90,91,femenino,Mestizo,Estandar,Segundo año bachillerato
71,76,83,femenino,Mestizo,Estandar,Último año bachillerato
76,62,66,masculino,Mestizo,Estandar,Último año bachillerato
80,68,72,masculino,Mestizo,Estandar,Segundo año bachillerato
55,64,70,femenino,Mestizo,Estandar,Primer año bachillerato
76,71,67,masculino,Mestizo,Estandar,Segundo año bachillerato
73,71,68,masculino,Mestizo,Estandar,Último año bachillerato
52,59,56,femenino,Mestizo,Gratis/Reducido,Segundo año bachillerato
68,68,61,masculino,Mestizo,Gratis/Reducido,Nivel Básico
59,52,46,masculino,Indigena,Estandar,Último año bachillerato
49,52,54,femenino,Mestizo,Estandar,Segundo año bachillerato
70,74,71,masculino,Mestizo,Estandar,Último año bachillerato
61,47,56,masculino,Mestizo,Gratis/Reducido,Nivel Básico
60,75,74,femenino,Mestizo,Gratis/Reducido,Segundo año bachillerato
64,53,57,masculino,Mestizo,Estandar,Primer año bachillerato
79,82,82,masculino,Indigena,Gratis/Reducido,Segundo año bachillerato
65,85,76,femenino,Indigena,Gratis/Reducido,Segundo año bachillerato
64,64,70,femenino,Mestizo,Estandar,Segundo año bachillerato
83,83,90,femenino,Mestizo,Estandar,Nivel Básico
81,88,90,femenino,Mestizo,Estandar,Último año bachillerato
54,64,68,femenino,Mestizo,Estandar,Último año bachillerato
68,64,66,masculino,Mestizo,Estandar,Último año bachillerato
54,48,52,femenino,Mestizo,Estandar,Nivel Básico
59,78,76,femenino,Mestizo,Gratis/Reducido,Nivel Básico
66,69,68,femenino,Mestizo,Estandar,Primer año bachillerato
76,71,72,masculino,Mestizo,Estandar,Nivel Básico
74,79,82,femenino,Mestizo,Estandar,Primer año bachillerato
94,87,92,femenino,Mestizo,Estandar,Segundo año bachillerato
63,61,54,masculino,Mestizo,Gratis/Reducido,Nivel Básico
95,89,92,femenino,Mestizo,Estandar,Segundo año bachillerato
40,59,54,femenino,Mestizo,Gratis/Reducido,Primer año bachillerato
82,82,80,femenino,Mestizo,Estandar,Primer año bachillerato
68,70,66,masculino,Indigena,Estandar,Último año bachillerato
55,59,54,masculino,Mestizo,Gratis/Reducido,Último año bachillerato
79,78,77,masculino,Mestizo,Estandar,Primer año bachillerato
86,92,87,femenino,Mestizo,Estandar,Último año bachillerato
76,71,73,masculino,Mestizo,Estandar,Nivel Básico
64,50,43,masculino,Indigena,Estandar,Primer año bachillerato
62,49,52,masculino,Mestizo,Gratis/Reducido,Primer año bachillerato
54,61,62,femenino,Mestizo,Estandar,Primer año bachillerato
77,97,94,femenino,Mestizo,Gratis/Reducido,Primer año bachillerato
76,87,85,femenino,Mestizo,Estandar,Primer año bachillerato
74,89,84,femenino,Mestizo,Estandar,Nivel Básico
66,74,73,femenino,Mestizo,Estandar,Nivel Básico
66,78,78,femenino,Mestizo,Estandar,Primer año bachillerato
67,78,79,femenino,Mestizo,Gratis/Reducido,Último año bachillerato
71,49,52,masculino,Mestizo,Estandar,Nivel Básico
91,86,84,femenino,Mestizo,Estandar,Segundo año bachillerato
69,58,57,masculino,Mestizo,Estandar,Último año bachillerato
54,59,50,masculino,Mestizo,Gratis/Reducido,Primer año bachillerato
53,52,49,masculino,Mestizo,Estandar,Último año bachillerato
68,60,59,masculino,Mestizo,Estandar,Nivel Básico
56,61,60,masculino,Mestizo,Gratis/Reducido,Primer año bachillerato
36,53,43,femenino,Mestizo,Gratis/Reducido,Último año bachillerato
29,41,47,femenino,Mestizo,Gratis/Reducido,Último año bachillerato
62,74,70,femenino,Mestizo,Estandar,Segundo año bachillerato
68,67,73,femenino,Mestizo,Estandar,Segundo año bachillerato
47,54,53,femenino,Mestizo,Estandar,Primer año bachillerato
62,61,58,masculino,Mestizo,Estandar,Segundo año bachillerato
79,88,94,femenino,Mestizo,Estandar,Segundo año bachillerato
73,69,68,masculino,Mestizo,Estandar,Último año bachillerato
66,83,83,femenino,Mestizo,Gratis/Reducido,Último año bachillerato
51,60,58,masculino,Mestizo,Estandar,Segundo año bachillerato
51,66,62,femenino,Mestizo,Estandar,Último año bachillerato
85,66,71,masculino,Mestizo,Estandar,Último año bachillerato
97,92,86,masculino,Indigena,Estandar,Segundo año bachillerato
75,69,68,masculino,Mestizo,Estandar,Último año bachillerato
79,82,80,masculino,Mestizo,Gratis/Reducido,Segundo año bachillerato
81,77,79,femenino,Mestizo,Estandar,Segundo año bachillerato
82,95,89,femenino,Mestizo,Estandar,Segundo año bachillerato
64,63,66,femenino,Mestizo,Estandar,Primer año bachillerato
78,83,80,masculino,Mestizo,Gratis/Reducido,Primer año bachillerato
92,100,97,femenino,Indigena,Estandar,Primer año bachillerato
72,67,64,masculino,Mestizo,Estandar,Último año bachillerato
62,67,64,femenino,Mestizo,Gratis/Reducido,Último año bachillerato
79,72,69,masculino,Mestizo,Estandar,Primer año bachillerato
79,76,65,masculino,Mestizo,Gratis/Reducido,Primer año bachillerato
87,90,88,masculino,Mestizo,Gratis/Reducido,Último año bachillerato
40,48,50,femenino,Mestizo,Estandar,Segundo año bachillerato
77,62,64,masculino,Mestizo,Gratis/Reducido,Nivel Básico
53,45,40,masculino,Mestizo,Estandar,Segundo año bachillerato
32,39,33,femenino,Mestizo,Gratis/Reducido,Nivel Básico
55,72,79,femenino,Mestizo,Estandar,Segundo año bachillerato
61,67,66,masculino,Mestizo,Gratis/Reducido,Primer año bachillerato
53,70,70,femenino,Mestizo,Gratis/Reducido,Segundo año bachillerato
73,66,62,masculino,Mestizo,Estandar,Primer año bachillerato
74,75,79,femenino,Mestizo,Estandar,Nivel Básico
63,74,74,femenino,Mestizo,Estandar,Nivel Básico
96,90,92,masculino,Mestizo,Estandar,Último año bachillerato
63,80,80,femenino,Mestizo,Gratis/Reducido,Nivel Básico
48,51,46,masculino,Mestizo,Gratis/Reducido,Último año bachillerato
48,43,45,masculino,Mestizo,Estandar,Segundo año bachillerato
92,100,100,femenino,Mestizo,Gratis/Reducido,Último año bachillerato
61,71,78,femenino,Mestizo,Gratis/Reducido,Primer año bachillerato
63,48,47,masculino,Mestizo,Gratis/Reducido,Último año bachillerato
68,68,67,masculino,Mestizo,Gratis/Reducido,Último año bachillerato
71,75,70,masculino,Mestizo,Estandar,Nivel Básico
91,96,92,masculino,Indigena,Estandar,Último año bachillerato
53,62,56,femenino,Mestizo,Estandar,Nivel Básico
50,66,64,femenino,Mestizo,Gratis/Reducido,Último año bachillerato
74,81,71,femenino,Mestizo,Estandar,Último año bachillerato
40,55,53,masculino,Indigena,Gratis/Reducido,Segundo año bachillerato
61,51,52,masculino,Indigena,Estandar,Nivel Básico
81,91,89,femenino,Mestizo,Estandar,Último año bachillerato
48,56,58,femenino,Mestizo,Gratis/Reducido,Nivel Básico
53,61,68,femenino,Mestizo,Estandar,Primer año bachillerato
81,97,96,femenino,Mestizo,Estandar,Primer año bachillerato
77,79,80,femenino,Mestizo,Estandar,Primer año bachillerato
63,73,78,femenino,Mestizo,Gratis/Reducido,Último año bachillerato
73,75,80,femenino,Mestizo,Estandar,Segundo año bachillerato
69,77,77,femenino,Mestizo,Estandar,Nivel Básico
65,76,76,femenino,Mestizo,Estandar,Segundo año bachillerato
55,73,73,femenino,Indigena,Estandar,Último año bachillerato
44,63,62,femenino,Mestizo,Gratis/Reducido,Último año bachillerato
54,64,65,femenino,Mestizo,Estandar,Nivel Básico
48,66,65,femenino,Indigena,Estandar,Primer año bachillerato
58,57,54,masculino,Mestizo,Gratis/Reducido,Nivel Básico
71,62,50,masculino,Indigena,Estandar,Primer año bachillerato
68,68,64,masculino,Mestizo,Estandar,Último año bachillerato
74,76,73,femenino,Mestizo,Estandar,Último año bachillerato
92,100,99,femenino,Mestizo,Estandar,Último año bachillerato
56,79,72,femenino,Mestizo,Estandar,Último año bachillerato
30,24,15,masculino,Mestizo,Gratis/Reducido,Último año bachillerato
53,54,48,masculino,Indigena,Estandar,Primer año bachillerato
69,77,73,femenino,Mestizo,Estandar,Último año bachillerato
65,82,81,femenino,Mestizo,Estandar,Primer año bachillerato
54,60,63,femenino,Mestizo,Estandar,Primer año bachillerato
29,29,30,femenino,Mestizo,Estandar,Último año bachillerato
76,78,80,femenino,Mestizo,Estandar,Nivel Básico
60,57,51,masculino,Mestizo,Gratis/Reducido,Último año bachillerato
84,89,90,masculino,Mestizo,Gratis/Reducido,Primer año bachillerato
75,72,62,masculino,Mestizo,Estandar,Primer año bachillerato
85,84,82,femenino,Mestizo,Estandar,Segundo año bachillerato
40,58,54,femenino,Mestizo,Gratis/Reducido,Primer año bachillerato
61,64,62,femenino,Mestizo,Estandar,Nivel Básico
58,63,65,femenino,Mestizo,Estandar,Segundo año bachillerato
69,60,63,masculino,Mestizo,Gratis/Reducido,Nivel Básico
58,59,66,femenino,Mestizo,Estandar,Nivel Básico
94,90,91,masculino,Mestizo,Estandar,Último año bachillerato
65,77,74,femenino,Mestizo,Estandar,Segundo año bachillerato
82,93,93,femenino,Indigena,Estandar,Segundo año bachillerato
60,68,72,femenino,Mestizo,Estandar,Último año bachillerato
37,45,38,femenino,Mestizo,Estandar,Último año bachillerato
88,78,83,masculino,Mestizo,Estandar,Último año bachillerato
95,81,84,masculino,Mestizo,Estandar,Primer año bachillerato
65,73,68,masculino,Mestizo,Gratis/Reducido,Segundo año bachillerato
35,61,54,femenino,Mestizo,Gratis/Reducido,Último año bachillerato
62,63,56,masculino,Mestizo,Gratis/Reducido,Último año bachillerato
58,51,52,masculino,Mestizo,Gratis/Reducido,Último año bachillerato
100,96,86,masculino,Indigena,Estandar,Nivel Básico
61,58,62,femenino,Mestizo,Gratis/Reducido,Último año bachillerato
100,97,99,masculino,Mestizo,Estandar,Nivel Básico
69,70,63,masculino,Mestizo,Gratis/Reducido,Segundo año bachillerato
61,48,46,masculino,Mestizo,Estandar,Segundo año bachillerato
49,57,46,masculino,Mestizo,Gratis/Reducido,Nivel Básico
44,51,55,femenino,Mestizo,Estandar,Primer año bachillerato
67,64,70,masculino,Mestizo,Estandar,Nivel Básico
79,60,65,masculino,Mestizo,Estandar,Último año bachillerato
66,74,81,femenino,Mestizo,Estandar,Último año bachillerato
75,88,85,femenino,Mestizo,Estandar,Último año bachillerato
84,84,80,masculino,Mestizo,Estandar,Primer año bachillerato
71,74,64,masculino,Indigena,Estandar,Último año bachillerato
67,80,81,femenino,Mestizo,Gratis/Reducido,Último año bachillerato
80,92,88,femenino,Mestizo,Estandar,Primer año bachillerato
86,76,74,masculino,Mestizo,Estandar,Nivel Básico
76,74,73,femenino,Mestizo,Estandar,Segundo año bachillerato
41,52,51,masculino,Mestizo,Estandar,Último año bachillerato
74,88,90,femenino,Mestizo,Gratis/Reducido,Segundo año bachillerato
72,81,79,femenino,Mestizo,Gratis/Reducido,Primer año bachillerato
74,79,80,femenino,Mestizo,Estandar,Último año bachillerato
70,65,60,masculino,Mestizo,Estandar,Último año bachillerato
65,81,81,femenino,Mestizo,Estandar,Último año bachillerato
59,70,65,femenino,Mestizo,Estandar,Segundo año bachillerato
64,62,68,femenino,Mestizo,Gratis/Reducido,Último año bachillerato
50,53,55,femenino,Mestizo,Estandar,Último año bachillerato
69,79,81,femenino,Mestizo,Estandar,Nivel Básico
51,56,53,masculino,Mestizo,Gratis/Reducido,Primer año bachillerato
68,80,76,femenino,Indigena,Estandar,Último año bachillerato
85,86,98,femenino,Mestizo,Estandar,Nivel Básico
65,70,74,femenino,Indigena,Estandar,Segundo año bachillerato
73,79,79,femenino,Mestizo,Estandar,Primer año bachillerato
62,67,67,femenino,Mestizo,Estandar,Nivel Básico
77,67,64,masculino,Mestizo,Gratis/Reducido,Segundo año bachillerato
69,66,61,masculino,Mestizo,Estandar,Primer año bachillerato
43,60,58,femenino,Mestizo,Gratis/Reducido,Segundo año bachillerato
90,87,85,masculino,Mestizo,Estandar,Segundo año bachillerato
74,77,73,masculino,Mestizo,Gratis/Reducido,Nivel Básico
73,66,63,masculino,Mestizo,Estandar,Primer año bachillerato
55,71,69,femenino,Mestizo,Gratis/Reducido,Nivel Básico
65,69,67,femenino,Mestizo,Estandar,Último año bachillerato
80,63,63,masculino,Mestizo,Estandar,Segundo año bachillerato
50,60,60,femenino,Mestizo,Gratis/Reducido,Primer año bachillerato
63,73,71,femenino,Mestizo,Gratis/Reducido,Nivel Básico
77,85,87,femenino,Mestizo,Gratis/Reducido,Último año bachillerato
73,74,61,masculino,Mestizo,Estandar,Nivel Básico
81,72,77,masculino,Mestizo,Estandar,Segundo año bachillerato
66,76,68,femenino,Mestizo,Gratis/Reducido,Último año bachillerato
52,57,50,masculino,Mestizo,Gratis/Reducido,Segundo año bachillerato
69,78,76,femenino,Mestizo,Estandar,Nivel Básico
65,84,84,femenino,Mestizo,Estandar,Segundo año bachillerato
69,77,78,femenino,Mestizo,Estandar,Último año bachillerato
50,64,66,femenino,Mestizo,Estandar,Nivel Básico
73,78,76,femenino,Mestizo,Estandar,Nivel Básico
70,82,76,femenino,Mestizo,Estandar,Primer año bachillerato
81,75,78,masculino,Mestizo,Gratis/Reducido,Segundo año bachillerato
63,61,60,masculino,Mestizo,Gratis/Reducido,Nivel Básico
67,72,74,femenino,Mestizo,Estandar,Último año bachillerato
60,68,60,masculino,Mestizo,Estandar,Último año bachillerato
62,55,54,masculino,Mestizo,Estandar,Último año bachillerato
29,40,44,femenino,Mestizo,Gratis/Reducido,Primer año bachillerato
62,66,68,masculino,Mestizo,Estandar,Nivel Básico
94,99,100,femenino,Mestizo,Estandar,Primer año bachillerato
85,75,68,masculino,Mestizo,Estandar,Nivel Básico
77,78,73,masculino,Mestizo,Gratis/Reducido,Segundo año bachillerato
53,58,44,masculino,Indigena,Gratis/Reducido,Último año bachillerato
93,90,83,masculino,Mestizo,Gratis/Reducido,Nivel Básico
49,53,53,femenino,Mestizo,Estandar,Segundo año bachillerato
73,76,78,femenino,Mestizo,Gratis/Reducido,Segundo año bachillerato
66,74,81,femenino,Mestizo,Gratis/Reducido,Último año bachillerato
77,77,73,femenino,Mestizo,Estandar,Segundo año bachillerato
49,63,56,femenino,Mestizo,Estandar,Primer año bachillerato
79,89,86,femenino,Mestizo,Gratis/Reducido,Nivel Básico
75,82,90,femenino,Mestizo,Estandar,Segundo año bachillerato
59,72,70,femenino,Indigena,Estandar,Último año bachillerato
57,78,79,femenino,Mestizo,Estandar,Segundo año bachillerato
66,66,59,masculino,Mestizo,Gratis/Reducido,Último año bachillerato
79,81,82,femenino,Mestizo,Estandar,Último año bachillerato
57,67,72,femenino,Mestizo,Estandar,Primer año bachillerato
87,84,87,masculino,Indigena,Estandar,Último año bachillerato
63,64,67,femenino,Mestizo,Estandar,Nivel Básico
59,63,64,femenino,Mestizo,Gratis/Reducido,Primer año bachillerato
62,72,65,masculino,Indigena,Gratis/Reducido,Último año bachillerato
46,34,36,masculino,Mestizo,Estandar,Último año bachillerato
66,59,52,masculino,Mestizo,Estandar,Nivel Básico
89,87,79,masculino,Mestizo,Estandar,Último año bachillerato
42,61,58,femenino,Mestizo,Gratis/Reducido,Segundo año bachillerato
93,84,90,masculino,Mestizo,Estandar,Nivel Básico
80,85,85,femenino,Mestizo,Estandar,Primer año bachillerato
98,100,99,femenino,Mestizo,Estandar,Nivel Básico
81,81,84,masculino,Mestizo,Estandar,Primer año bachillerato
60,70,74,femenino,Mestizo,Estandar,Primer año bachillerato
76,94,87,femenino,Mestizo,Gratis/Reducido,Segundo año bachillerato
73,78,72,masculino,Mestizo,Estandar,Segundo año bachillerato
96,96,99,femenino,Mestizo,Estandar,Segundo año bachillerato
76,76,74,femenino,Mestizo,Estandar,Último año bachillerato
91,73,80,masculino,Mestizo,Gratis/Reducido,Segundo año bachillerato
62,72,70,femenino,Mestizo,Gratis/Reducido,Nivel Básico
55,59,59,masculino,Mestizo,Gratis/Reducido,Primer año bachillerato
74,90,88,femenino,Mestizo,Gratis/Reducido,Primer año bachillerato
50,48,42,masculino,Mestizo,Estandar,Último año bachillerato
47,43,41,masculino,Mestizo,Estandar,Nivel Básico
81,74,71,masculino,Mestizo,Estandar,Nivel Básico
65,75,77,femenino,Mestizo,Estandar,Segundo año bachillerato
68,51,57,masculino,Mestizo,Estandar,Primer año bachillerato
73,92,84,femenino,Mestizo,Gratis/Reducido,Último año bachillerato
53,39,37,masculino,Mestizo,Estandar,Nivel Básico
68,77,80,femenino,Mestizo,Gratis/Reducido,Segundo año bachillerato
55,46,43,masculino,Indigena,Gratis/Reducido,Primer año bachillerato
87,89,94,femenino,Mestizo,Estandar,Nivel Básico
55,47,44,masculino,Mestizo,Estandar,Primer año bachillerato
53,58,57,femenino,Mestizo,Gratis/Reducido,Nivel Básico
67,57,59,masculino,Mestizo,Estandar,Primer año bachillerato
92,79,84,masculino,Mestizo,Estandar,Segundo año bachillerato
53,66,73,femenino,Mestizo,Gratis/Reducido,Nivel Básico
81,71,73,masculino,Mestizo,Estandar,Segundo año bachillerato
61,60,55,masculino,Mestizo,Gratis/Reducido,Último año bachillerato
80,73,72,masculino,Mestizo,Estandar,Último año bachillerato
37,57,56,femenino,Indigena,Gratis/Reducido,Segundo año bachillerato
81,84,82,femenino,Mestizo,Estandar,Último año bachillerato
59,73,72,femenino,Mestizo,Estandar,Segundo año bachillerato
55,55,47,masculino,Mestizo,Gratis/Reducido,Nivel Básico
72,79,74,masculino,Mestizo,Estandar,Segundo año bachillerato
69,75,71,masculino,Mestizo,Estandar,Último año bachillerato
69,64,68,masculino,Mestizo,Estandar,Nivel Básico
50,60,59,femenino,Mestizo,Gratis/Reducido,Último año bachillerato
87,84,86,masculino,Mestizo,Estandar,Nivel Básico
71,69,68,masculino,Mestizo,Estandar,Primer año bachillerato
68,72,65,masculino,Mestizo,Estandar,Nivel Básico
79,77,75,masculino,Mestizo,Gratis/Reducido,Primer año bachillerato
77,90,85,femenino,Mestizo,Estandar,Primer año bachillerato
58,55,53,masculino,Mestizo,Gratis/Reducido,Segundo año bachillerato
84,95,92,femenino,Mestizo,Estandar,Segundo año bachillerato
55,58,52,masculino,Mestizo,Estandar,Nivel Básico
70,68,72,masculino,Mestizo,Gratis/Reducido,Último año bachillerato
52,59,65,femenino,Mestizo,Gratis/Reducido,Nivel Básico
69,77,77,masculino,Mestizo,Estandar,Nivel Básico
53,72,64,femenino,Mestizo,Gratis/Reducido,Último año bachillerato
48,58,54,femenino,Mestizo,Estandar,Primer año bachillerato
78,81,86,masculino,Mestizo,Estandar,Primer año bachillerato
62,62,63,femenino,Mestizo,Estandar,Último año bachillerato
60,63,59,masculino,Mestizo,Estandar,Nivel Básico
74,72,72,femenino,Mestizo,Estandar,Último año bachillerato
58,75,77,femenino,Mestizo,Estandar,Último año bachillerato
76,62,60,masculino,Mestizo,Estandar,Último año bachillerato
68,71,75,femenino,Mestizo,Estandar,Primer año bachillerato
58,60,57,masculino,Indigena,Gratis/Reducido,Nivel Básico
52,48,49,masculino,Mestizo,Estandar,Último año bachillerato
75,73,74,masculino,Mestizo,Estandar,Último año bachillerato
52,67,72,femenino,Mestizo,Gratis/Reducido,Primer año bachillerato
62,78,79,femenino,Mestizo,Gratis/Reducido,Último año bachillerato
66,65,60,masculino,Mestizo,Estandar,Nivel Básico
49,58,55,femenino,Mestizo,Gratis/Reducido,Primer año bachillerato
66,72,70,femenino,Mestizo,Estandar,Último año bachillerato
35,44,43,femenino,Mestizo,Gratis/Reducido,Nivel Básico
72,79,82,femenino,Indigena,Estandar,Nivel Básico
94,85,82,masculino,Mestizo,Estandar,Segundo año bachillerato
46,56,57,femenino,Mestizo,Gratis/Reducido,Segundo año bachillerato
77,90,84,femenino,Mestizo,Estandar,Primer año bachillerato
76,85,82,femenino,Mestizo,Gratis/Reducido,Último año bachillerato
52,59,62,femenino,Mestizo,Estandar,Segundo año bachillerato
91,81,79,masculino,Mestizo,Estandar,Último año bachillerato
32,51,44,femenino,Mestizo,Estandar,Primer año bachillerato
72,79,77,femenino,Mestizo,Gratis/Reducido,Primer año bachillerato
19,38,32,femenino,Mestizo,Estandar,Nivel Básico
68,65,61,masculino,Mestizo,Gratis/Reducido,Segundo año bachillerato
52,65,61,femenino,Mestizo,Gratis/Reducido,Primer año bachillerato
48,62,60,femenino,Mestizo,Estandar,Último año bachillerato
60,66,70,femenino,Mestizo,Gratis/Reducido,Nivel Básico
66,74,69,masculino,Mestizo,Gratis/Reducido,Último año bachillerato
89,84,77,masculino,Mestizo,Estandar,Primer año bachillerato
42,52,51,femenino,Mestizo,Estandar,Último año bachillerato
57,68,73,femenino,Mestizo,Gratis/Reducido,Segundo año bachillerato
70,70,70,masculino,Mestizo,Estandar,Último año bachillerato
70,84,81,femenino,Mestizo,Gratis/Reducido,Segundo año bachillerato
69,60,54,masculino,Mestizo,Estandar,Nivel Básico
52,55,57,femenino,Mestizo,Estandar,Segundo año bachillerato
67,73,68,masculino,Mestizo,Estandar,Primer año bachillerato
76,80,73,masculino,Mestizo,Estandar,Primer año bachillerato
87,94,95,femenino,Mestizo,Estandar,Segundo año bachillerato
82,85,87,femenino,Mestizo,Estandar,Nivel Básico
73,76,78,femenino,Mestizo,Estandar,Nivel Básico
75,81,74,masculino,Indigena,Gratis/Reducido,Nivel Básico
64,74,75,femenino,Mestizo,Gratis/Reducido,Nivel Básico
41,45,40,femenino,Mestizo,Gratis/Reducido,Último año bachillerato
90,75,69,masculino,Mestizo,Estandar,Último año bachillerato
59,54,51,masculino,Mestizo,Estandar,Último año bachillerato
51,31,36,masculino,Indigena,Estandar,Primer año bachillerato
45,47,49,masculino,Indigena,Gratis/Reducido,Último año bachillerato
54,64,67,femenino,Mestizo,Estandar,Primer año bachillerato
87,84,76,masculino,Mestizo,Estandar,Primer año bachillerato
72,80,83,femenino,Mestizo,Estandar,Último año bachillerato
94,86,87,masculino,Mestizo,Estandar,Primer año bachillerato
45,59,64,femenino,Indigena,Estandar,Último año bachillerato
61,70,76,masculino,Mestizo,Gratis/Reducido,Último año bachillerato
60,72,68,femenino,Mestizo,Gratis/Reducido,Último año bachillerato
77,91,88,femenino,Mestizo,Estandar,Primer año bachillerato
85,90,92,femenino,Indigena,Estandar,Primer año bachillerato
78,90,93,femenino,Mestizo,Gratis/Reducido,Último año bachillerato
49,52,51,masculino,Mestizo,Gratis/Reducido,Nivel Básico
71,87,82,femenino,Mestizo,Gratis/Reducido,Último año bachillerato
48,58,52,femenino,Mestizo,Gratis/Reducido,Primer año bachillerato
62,67,58,masculino,Mestizo,Estandar,Último año bachillerato
56,68,70,femenino,Mestizo,Gratis/Reducido,Segundo año bachillerato
65,69,76,femenino,Mestizo,Estandar,Primer año bachillerato
69,86,81,femenino,Mestizo,Gratis/Reducido,Primer año bachillerato
68,54,53,masculino,Mestizo,Estandar,Primer año bachillerato
61,60,57,femenino,Indigena,Gratis/Reducido,Nivel Básico
74,86,89,femenino,Mestizo,Gratis/Reducido,Último año bachillerato
64,60,58,masculino,Indigena,Estandar,Último año bachillerato
77,82,89,femenino,Mestizo,Estandar,Último año bachillerato
58,50,45,masculino,Mestizo,Estandar,Nivel Básico
60,64,74,femenino,Mestizo,Estandar,Último año bachillerato
73,64,57,masculino,Mestizo,Estandar,Último año bachillerato
75,82,79,femenino,Indigena,Estandar,Último año bachillerato
58,57,53,masculino,Mestizo,Gratis/Reducido,Segundo año bachillerato
66,77,73,femenino,Mestizo,Estandar,Segundo año bachillerato
39,52,46,femenino,Mestizo,Gratis/Reducido,Último año bachillerato
64,58,51,masculino,Mestizo,Estandar,Primer año bachillerato
23,44,36,femenino,Mestizo,Gratis/Reducido,Último año bachillerato
74,77,76,masculino,Mestizo,Gratis/Reducido,Nivel Básico
40,65,64,femenino,Mestizo,Gratis/Reducido,Primer año bachillerato
90,85,84,masculino,Mestizo,Estandar,Primer año bachillerato
91,85,85,masculino,Mestizo,Estandar,Primer año bachillerato
64,54,50,masculino,Mestizo,Estandar,Último año bachillerato
59,72,68,femenino,Mestizo,Estandar,Último año bachillerato
80,75,69,masculino,Mestizo,Estandar,Segundo año bachillerato
71,67,67,masculino,Mestizo,Estandar,Primer año bachillerato
61,68,63,femenino,Indigena,Estandar,Último año bachillerato
87,85,93,femenino,Mestizo,Estandar,Nivel Básico
82,67,61,masculino,Mestizo,Estandar,Primer año bachillerato
62,64,55,masculino,Mestizo,Estandar,Primer año bachillerato
97,97,96,femenino,Mestizo,Estandar,Último año bachillerato
75,68,65,masculino,Mestizo,Gratis/Reducido,Nivel Básico
65,79,81,femenino,Mestizo,Estandar,Último año bachillerato
52,49,46,masculino,Mestizo,Estandar,Último año bachillerato
87,73,72,masculino,Mestizo,Gratis/Reducido,Segundo año bachillerato
53,62,53,femenino,Mestizo,Estandar,Segundo año bachillerato
81,86,87,femenino,Mestizo,Gratis/Reducido,Primer año bachillerato
39,42,38,masculino,Mestizo,Gratis/Reducido,Último año bachillerato
71,71,80,femenino,Mestizo,Estandar,Nivel Básico
97,93,91,masculino,Mestizo,Estandar,Segundo año bachillerato
82,82,88,masculino,Mestizo,Estandar,Nivel Básico
59,53,52,masculino,Mestizo,Gratis/Reducido,Último año bachillerato
61,42,41,masculino,Mestizo,Estandar,Segundo año bachillerato
78,74,72,masculino,Mestizo,Gratis/Reducido,Segundo año bachillerato
49,51,51,masculino,Mestizo,Gratis/Reducido,Segundo año bachillerato
59,58,47,masculino,Mestizo,Estandar,Último año bachillerato
70,72,76,femenino,Mestizo,Estandar,Nivel Básico
82,84,78,masculino,Mestizo,Estandar,Segundo año bachillerato
90,90,82,masculino,Mestizo,Gratis/Reducido,Segundo año bachillerato
43,62,61,femenino,Mestizo,Gratis/Reducido,Último año bachillerato
80,64,66,masculino,Mestizo,Gratis/Reducido,Nivel Básico
81,82,84,masculino,Mestizo,Estandar,Nivel Básico
57,61,54,masculino,Mestizo,Estandar,Primer año bachillerato
59,72,80,femenino,Mestizo,Estandar,Primer año bachillerato
64,76,74,femenino,Mestizo,Estandar,Segundo año bachillerato
63,64,66,masculino,Mestizo,Estandar,Último año bachillerato
71,70,70,femenino,Mestizo,Estandar,Último año bachillerato
64,73,71,femenino,Mestizo,Gratis/Reducido,Último año bachillerato
55,46,44,masculino,Mestizo,Gratis/Reducido,Último año bachillerato
51,51,54,femenino,Mestizo,Estandar,Segundo año bachillerato
62,76,80,femenino,Mestizo,Estandar,Segundo año bachillerato
93,100,95,femenino,Mestizo,Estandar,Segundo año bachillerato
54,72,59,masculino,Mestizo,Gratis/Reducido,Último año bachillerato
69,65,74,femenino,Mestizo,Gratis/Reducido,Nivel Básico
44,51,48,masculino,Mestizo,Gratis/Reducido,Último año bachillerato
86,85,91,femenino,Mestizo,Estandar,Nivel Básico
85,92,85,femenino,Mestizo,Estandar,Segundo año bachillerato
50,67,73,femenino,Indigena,Gratis/Reducido,Primer año bachillerato
88,74,75,masculino,Mestizo,Estandar,Primer año bachillerato
59,62,69,femenino,Mestizo,Estandar,Segundo año bachillerato
32,34,38,femenino,Mestizo,Gratis/Reducido,Primer año bachillerato
36,29,27,masculino,Mestizo,Gratis/Reducido,Último año bachillerato
63,78,79,femenino,Mestizo,Gratis/Reducido,Primer año bachillerato
67,54,63,masculino,Mestizo,Estandar,Segundo año bachillerato
65,78,82,femenino,Mestizo,Estandar,Primer año bachillerato
85,84,89,masculino,Mestizo,Estandar,Primer año bachillerato
73,78,74,femenino,Mestizo,Estandar,Primer año bachillerato
34,48,41,femenino,Indigena,Gratis/Reducido,Último año bachillerato
93,100,100,femenino,Mestizo,Gratis/Reducido,Último año bachillerato
67,84,84,femenino,Mestizo,Gratis/Reducido,Primer año bachillerato
88,77,77,masculino,Mestizo,Estandar,Nivel Básico
57,48,51,masculino,Mestizo,Estandar,Último año bachillerato
79,84,91,femenino,Mestizo,Estandar,Nivel Básico
67,75,72,femenino,Mestizo,Gratis/Reducido,Último año bachillerato
70,64,70,masculino,Mestizo,Estandar,Último año bachillerato
50,42,48,masculino,Mestizo,Gratis/Reducido,Último año bachillerato
69,84,82,femenino,Indigena,Estandar,Nivel Básico
52,61,66,femenino,Mestizo,Estandar,Último año bachillerato
47,62,66,femenino,Mestizo,Gratis/Reducido,Último año bachillerato
46,61,55,femenino,Mestizo,Gratis/Reducido,Segundo año bachillerato
68,70,66,femenino,Mestizo,Estandar,Nivel Básico
100,100,100,masculino,Mestizo,Estandar,Último año bachillerato
44,61,52,femenino,Mestizo,Estandar,Último año bachillerato
57,77,80,femenino,Mestizo,Estandar,Segundo año bachillerato
91,96,91,masculino,Mestizo,Estandar,Nivel Básico
69,70,67,masculino,Mestizo,Gratis/Reducido,Último año bachillerato
35,53,46,femenino,Mestizo,Gratis/Reducido,Último año bachillerato
72,66,66,masculino,Mestizo,Estandar,Último año bachillerato
54,65,65,femenino,Mestizo,Gratis/Reducido,Segundo año bachillerato
74,70,69,masculino,Mestizo,Gratis/Reducido,Último año bachillerato
74,64,60,masculino,Mestizo,Estandar,Primer año bachillerato
64,56,52,masculino,Mestizo,Gratis/Reducido,Segundo año bachillerato
65,61,71,femenino,Mestizo,Gratis/Reducido,Último año bachillerato
46,43,44,masculino,Mestizo,Gratis/Reducido,Segundo año bachillerato
48,56,51,femenino,Mestizo,Gratis/Reducido,Primer año bachillerato
67,74,70,masculino,Mestizo,Gratis/Reducido,Nivel Básico
62,57,62,masculino,Mestizo,Gratis/Reducido,Nivel Básico
61,71,73,masculino,Mestizo,Gratis/Reducido,Segundo año bachillerato
70,75,74,masculino,Mestizo,Gratis/Reducido,Último año bachillerato
98,87,90,masculino,Mestizo,Estandar,Segundo año bachillerato
70,63,58,masculino,Mestizo,Gratis/Reducido,Nivel Básico
67,57,53,masculino,Indigena,Estandar,Segundo año bachillerato
57,58,57,femenino,Mestizo,Gratis/Reducido,Último año bachillerato
85,81,85,masculino,Mestizo,Estandar,Nivel Básico
77,68,69,masculino,Mestizo,Estandar,Primer año bachillerato
72,66,72,masculino,Mestizo,Gratis/Reducido,Primer año bachillerato
78,91,96,femenino,Mestizo,Estandar,Primer año bachillerato
81,66,64,masculino,Mestizo,Estandar,Último año bachillerato
61,62,61,masculino,Indigena,Gratis/Reducido,Primer año bachillerato
58,68,61,femenino,Mestizo,Estandar,Último año bachillerato
54,61,58,femenino,Mestizo,Estandar,Segundo año bachillerato
82,82,80,masculino,Mestizo,Estandar,Último año bachillerato
49,58,60,femenino,Mestizo,Gratis/Reducido,Nivel Básico
49,50,52,masculino,Mestizo,Gratis/Reducido,Primer año bachillerato
57,75,73,femenino,Mestizo,Gratis/Reducido,Último año bachillerato
94,73,71,masculino,Mestizo,Estandar,Último año bachillerato
75,77,83,femenino,Mestizo,Estandar,Nivel Básico
74,74,72,femenino,Mestizo,Gratis/Reducido,Primer año bachillerato
58,52,54,masculino,Mestizo,Estandar,Último año bachillerato
62,69,69,femenino,Mestizo,Estandar,Nivel Básico
72,57,62,masculino,Mestizo,Estandar,Segundo año bachillerato
84,87,81,masculino,Mestizo,Estandar,Nivel Básico
92,100,100,femenino,Mestizo,Estandar,Primer año bachillerato
45,63,59,femenino,Mestizo,Estandar,Último año bachillerato
75,81,71,masculino,Mestizo,Estandar,Último año bachillerato
56,58,64,femenino,Indigena,Estandar,Nivel Básico
48,54,53,femenino,Mestizo,Gratis/Reducido,Primer año bachillerato
100,100,100,femenino,Mestizo,Estandar,Segundo año bachillerato
65,76,75,femenino,Mestizo,Gratis/Reducido,Primer año bachillerato
72,57,58,masculino,Mestizo,Estandar,Nivel Básico
62,70,72,femenino,Mestizo,Estandar,Nivel Básico
66,68,64,masculino,Indigena,Estandar,Primer año bachillerato
63,63,60,masculino,Mestizo,Estandar,Nivel Básico
68,76,67,femenino,Mestizo,Estandar,Segundo año bachillerato
75,84,80,femenino,Mestizo,Estandar,Último año bachillerato
89,100,100,femenino,Mestizo,Estandar,Último año bachillerato
78,72,69,masculino,Mestizo,Estandar,Primer año bachillerato
53,50,60,femenino,Indigena,Gratis/Reducido,Último año bachillerato
49,65,61,femenino,Mestizo,Gratis/Reducido,Nivel Básico
54,63,67,femenino,Indigena,Estandar,Nivel Básico
64,82,77,femenino,Mestizo,Estandar,Nivel Básico
60,62,60,masculino,Mestizo,Gratis/Reducido,Nivel Básico
62,65,58,masculino,Mestizo,Estandar,Segundo año bachillerato
55,41,48,masculino,Mestizo,Estandar,Último año bachillerato
91,95,94,femenino,Mestizo,Estandar,Segundo año bachillerato
8,24,23,femenino,Mestizo,Gratis/Reducido,Último año bachillerato
81,78,78,masculino,Mestizo,Estandar,Primer año bachillerato
79,85,86,masculino,Mestizo,Estandar,Primer año bachillerato
78,87,91,femenino,Indigena,Estandar,Nivel Básico
74,75,82,femenino,Mestizo,Estandar,Primer año bachillerato
57,51,54,masculino,Indigena,Estandar,Último año bachillerato
40,59,51,femenino,Mestizo,Estandar,Segundo año bachillerato
81,75,76,masculino,Mestizo,Estandar,Primer año bachillerato
44,45,45,femenino,Indigena,Gratis/Reducido,Primer año bachillerato
67,86,83,femenino,Mestizo,Gratis/Reducido,Nivel Básico
86,81,75,masculino,Mestizo,Gratis/Reducido,Último año bachillerato
65,82,78,femenino,Mestizo,Estandar,Primer año bachillerato
55,76,76,femenino,Mestizo,Gratis/Reducido,Segundo año bachillerato
62,72,74,femenino,Mestizo,Gratis/Reducido,Último año bachillerato
63,63,62,masculino,Indigena,Estandar,Último año bachillerato
88,99,95,femenino,Mestizo,Estandar,Primer año bachillerato
62,55,55,masculino,Mestizo,Gratis/Reducido,Último año bachillerato
59,71,65,femenino,Mestizo,Gratis/Reducido,Último año bachillerato
68,78,77,femenino,Mestizo,Estandar,Nivel Básico
77,86,86,femenino,Mestizo,Gratis/Reducido,Nivel Básico
